customer_id,age,gender,location,account_creation_date,customer_lifetime_value
1,56,M,Phoenix,2022-01-25 16:34:49.157696,9569.36
2,69,M,New York,2022-01-26 16:34:49.157696,7401.33
3,46,F,Chicago,2022-01-27 16:34:49.157696,3597.19
4,32,M,Los Angeles,2022-01-28 16:34:49.157696,3035.7
5,60,M,Chicago,2022-01-29 16:34:49.157696,3562.06
6,25,F,Phoenix,2022-01-30 16:34:49.157696,7769.07
7,78,M,Los Angeles,2022-01-31 16:34:49.157696,6647.57
8,38,M,Houston,2022-02-01 16:34:49.157696,1933.44
9,56,M,Chicago,2022-02-02 16:34:49.157696,1823.68
10,75,M,Los Angeles,2022-02-03 16:34:49.157696,1074.12
11,36,M,Chicago,2022-02-04 16:34:49.157696,6637.0
12,40,F,Los Angeles,2022-02-05 16:34:49.157696,7667.29
13,28,M,New York,2022-02-06 16:34:49.157696,2723.96
14,28,M,Chicago,2022-02-07 16:34:49.157696,307.36
15,41,M,Houston,2022-02-08 16:34:49.157696,913.5
16,70,M,Houston,2022-02-09 16:34:49.157696,9681.81
17,53,M,Phoenix,2022-02-10 16:34:49.157696,3024.9
18,57,F,Los Angeles,2022-02-11 16:34:49.157696,7715.31
19,41,M,Chicago,2022-02-12 16:34:49.157696,6284.17
20,20,F,Phoenix,2022-02-13 16:34:49.157696,3881.2
21,39,F,Chicago,2022-02-14 16:34:49.157696,2136.3
22,70,M,Los Angeles,2022-02-15 16:34:49.157696,1301.73
23,19,M,Houston,2022-02-16 16:34:49.157696,6188.63
24,41,M,New York,2022-02-17 16:34:49.157696,7768.87
25,61,M,Houston,2022-02-18 16:34:49.157696,6474.65
26,47,F,Phoenix,2022-02-19 16:34:49.157696,5349.99
27,55,M,New York,2022-02-20 16:34:49.157696,515.32
28,19,M,Phoenix,2022-02-21 16:34:49.157696,9688.04
29,77,M,Los Angeles,2022-02-22 16:34:49.157696,8007.27
30,38,M,New York,2022-02-23 16:34:49.157696,2998.94
31,50,M,Phoenix,2022-02-24 16:34:49.157696,9801.71
32,29,M,Los Angeles,2022-02-25 16:34:49.157696,6058.63
33,75,F,Houston,2022-02-26 16:34:49.157696,5865.98
34,39,F,Los Angeles,2022-02-27 16:34:49.157696,7505.92
35,78,M,Chicago,2022-02-28 16:34:49.157696,8136.52
36,61,M,Los Angeles,2022-03-01 16:34:49.157696,6599.14
37,42,M,Los Angeles,2022-03-02 16:34:49.157696,1368.15
38,66,F,Chicago,2022-03-03 16:34:49.157696,3448.85
39,44,M,Phoenix,2022-03-04 16:34:49.157696,9288.03
40,76,F,Phoenix,2022-03-05 16:34:49.157696,2323.69
41,59,M,Los Angeles,2022-03-06 16:34:49.157696,3784.45
42,45,M,Chicago,2022-03-07 16:34:49.157696,4377.56
43,77,M,Chicago,2022-03-08 16:34:49.157696,4450.11
44,33,M,Houston,2022-03-09 16:34:49.157696,6168.1
45,32,F,Phoenix,2022-03-10 16:34:49.157696,9436.45
46,79,F,New York,2022-03-11 16:34:49.157696,2482.86
47,79,M,Phoenix,2022-03-12 16:34:49.157696,1302.86
48,64,M,Phoenix,2022-03-13 16:34:49.157696,2054.96
49,79,F,Houston,2022-03-14 16:34:49.157696,8880.56
50,68,F,New York,2022-03-15 16:34:49.157696,6493.53
51,61,F,Houston,2022-03-16 16:34:49.157696,2930.48
52,72,F,New York,2022-03-17 16:34:49.157696,8177.87
53,69,M,Los Angeles,2022-03-18 16:34:49.157696,8627.56
54,74,F,New York,2022-03-19 16:34:49.157696,8480.49
55,20,M,Houston,2022-03-20 16:34:49.157696,9197.37
56,54,F,Phoenix,2022-03-21 16:34:49.157696,2597.19
57,68,F,New York,2022-03-22 16:34:49.157696,7574.92
58,24,F,New York,2022-03-23 16:34:49.157696,4659.34
59,38,F,Chicago,2022-03-24 16:34:49.157696,8435.79
60,26,F,Phoenix,2022-03-25 16:34:49.157696,7312.06
61,56,M,Los Angeles,2022-03-26 16:34:49.157696,7786.83
62,35,M,Houston,2022-03-27 16:34:49.157696,6596.0
63,21,F,Los Angeles,2022-03-28 16:34:49.157696,1856.54
64,42,F,Phoenix,2022-03-29 16:34:49.157696,5495.77
65,77,M,New York,2022-03-30 16:34:49.157696,9848.23
66,31,F,New York,2022-03-31 16:34:49.157696,9380.14
67,67,F,Phoenix,2022-04-01 16:34:49.157696,527.42
68,75,M,New York,2022-04-02 16:34:49.157696,1731.67
69,26,F,New York,2022-04-03 16:34:49.157696,1404.11
70,43,F,New York,2022-04-04 16:34:49.157696,7287.2
71,70,M,Houston,2022-04-05 16:34:49.157696,8196.07
72,19,M,Houston,2022-04-06 16:34:49.157696,2213.76
73,37,M,Chicago,2022-04-07 16:34:49.157696,5107.94
74,45,F,Los Angeles,2022-04-08 16:34:49.157696,8422.96
75,64,M,Phoenix,2022-04-09 16:34:49.157696,7354.74
76,77,M,Phoenix,2022-04-10 16:34:49.157696,5468.15
77,24,M,Phoenix,2022-04-11 16:34:49.157696,5944.44
78,61,M,Chicago,2022-04-12 16:34:49.157696,5132.77
79,78,M,Houston,2022-04-13 16:34:49.157696,3045.73
80,25,M,Chicago,2022-04-14 16:34:49.157696,5693.72
81,64,F,Phoenix,2022-04-15 16:34:49.157696,6919.96
82,52,F,Los Angeles,2022-04-16 16:34:49.157696,8745.9
83,31,M,New York,2022-04-17 16:34:49.157696,6399.28
84,34,M,Houston,2022-04-18 16:34:49.157696,7635.1
85,53,M,Houston,2022-04-19 16:34:49.157696,1684.71
86,67,F,Chicago,2022-04-20 16:34:49.157696,4669.42
87,57,F,Houston,2022-04-21 16:34:49.157696,192.38
88,21,F,Phoenix,2022-04-22 16:34:49.157696,2542.12
89,19,F,Phoenix,2022-04-23 16:34:49.157696,7291.97
90,79,F,Chicago,2022-04-24 16:34:49.157696,9918.92
91,23,F,Phoenix,2022-04-25 16:34:49.157696,1081.86
92,71,F,Los Angeles,2022-04-26 16:34:49.157696,4074.79
93,59,F,Chicago,2022-04-27 16:34:49.157696,8020.7
94,21,F,Los Angeles,2022-04-28 16:34:49.157696,2119.95
95,71,M,New York,2022-04-29 16:34:49.157696,5595.34
96,46,M,Los Angeles,2022-04-30 16:34:49.157696,7357.41
97,35,M,New York,2022-05-01 16:34:49.157696,6198.26
98,43,M,New York,2022-05-02 16:34:49.157696,1961.44
99,61,F,Los Angeles,2022-05-03 16:34:49.157696,3618.31
100,51,F,Chicago,2022-05-04 16:34:49.157696,7859.54
101,27,M,Phoenix,2022-05-05 16:34:49.157696,5586.84
102,79,F,Phoenix,2022-05-06 16:34:49.157696,151.77
103,53,M,New York,2022-05-07 16:34:49.157696,7633.81
104,31,F,New York,2022-05-08 16:34:49.157696,449.58
105,48,M,Chicago,2022-05-09 16:34:49.157696,7482.76
106,65,F,Houston,2022-05-10 16:34:49.157696,2104.56
107,32,F,Los Angeles,2022-05-11 16:34:49.157696,9584.93
108,25,M,New York,2022-05-12 16:34:49.157696,3742.61
109,31,F,Phoenix,2022-05-13 16:34:49.157696,3336.62
110,40,M,Chicago,2022-05-14 16:34:49.157696,1573.99
111,77,M,Los Angeles,2022-05-15 16:34:49.157696,3125.48
112,74,M,Chicago,2022-05-16 16:34:49.157696,8778.84
113,79,M,Los Angeles,2022-05-17 16:34:49.157696,9963.71
114,57,F,Los Angeles,2022-05-18 16:34:49.157696,3746.26
115,38,F,New York,2022-05-19 16:34:49.157696,4541.25
116,33,F,Chicago,2022-05-20 16:34:49.157696,7248.5
117,62,M,Chicago,2022-05-21 16:34:49.157696,8873.34
118,35,F,Phoenix,2022-05-22 16:34:49.157696,5971.14
119,64,M,Phoenix,2022-05-23 16:34:49.157696,3976.1
120,70,F,New York,2022-05-24 16:34:49.157696,4184.96
121,41,F,New York,2022-05-25 16:34:49.157696,6986.62
122,43,F,Houston,2022-05-26 16:34:49.157696,131.86
123,42,M,Phoenix,2022-05-27 16:34:49.157696,6233.93
124,77,F,Los Angeles,2022-05-28 16:34:49.157696,3619.38
125,77,F,Chicago,2022-05-29 16:34:49.157696,7962.55
126,77,M,New York,2022-05-30 16:34:49.157696,1020.61
127,62,F,Chicago,2022-05-31 16:34:49.157696,5923.2
128,58,M,Chicago,2022-06-01 16:34:49.157696,4861.63
129,46,F,Houston,2022-06-02 16:34:49.157696,6459.02
130,32,M,Phoenix,2022-06-03 16:34:49.157696,742.05
131,62,M,New York,2022-06-04 16:34:49.157696,5841.84
132,18,F,Chicago,2022-06-05 16:34:49.157696,5658.7
133,42,M,New York,2022-06-06 16:34:49.157696,5650.53
134,24,M,Los Angeles,2022-06-07 16:34:49.157696,6074.53
135,26,M,Houston,2022-06-08 16:34:49.157696,6797.03
136,41,M,Los Angeles,2022-06-09 16:34:49.157696,8069.39
137,18,M,New York,2022-06-10 16:34:49.157696,2771.23
138,61,M,New York,2022-06-11 16:34:49.157696,8267.99
139,25,F,Phoenix,2022-06-12 16:34:49.157696,5032.73
140,41,M,Chicago,2022-06-13 16:34:49.157696,862.88
141,28,M,Chicago,2022-06-14 16:34:49.157696,679.65
142,68,F,Los Angeles,2022-06-15 16:34:49.157696,3408.96
143,34,F,Houston,2022-06-16 16:34:49.157696,7870.48
144,25,F,Chicago,2022-06-17 16:34:49.157696,7106.04
145,52,F,Phoenix,2022-06-18 16:34:49.157696,7907.29
146,52,F,Los Angeles,2022-06-19 16:34:49.157696,5220.96
147,50,F,Los Angeles,2022-06-20 16:34:49.157696,4457.97
148,76,F,Phoenix,2022-06-21 16:34:49.157696,1559.78
149,22,M,Houston,2022-06-22 16:34:49.157696,3349.11
150,59,M,Phoenix,2022-06-23 16:34:49.157696,4396.79
151,56,F,Houston,2022-06-24 16:34:49.157696,977.14
152,75,M,Phoenix,2022-06-25 16:34:49.157696,2284.06
153,58,M,Phoenix,2022-06-26 16:34:49.157696,6022.43
154,45,M,New York,2022-06-27 16:34:49.157696,7383.06
155,24,F,Los Angeles,2022-06-28 16:34:49.157696,9983.64
156,26,F,Phoenix,2022-06-29 16:34:49.157696,9337.82
157,25,M,Phoenix,2022-06-30 16:34:49.157696,6461.4
158,29,F,Chicago,2022-07-01 16:34:49.157696,4270.36
159,51,M,Los Angeles,2022-07-02 16:34:49.157696,6398.16
160,50,M,Chicago,2022-07-03 16:34:49.157696,7877.95
161,65,M,Los Angeles,2022-07-04 16:34:49.157696,1271.53
162,72,M,Chicago,2022-07-05 16:34:49.157696,4158.06
163,40,F,Phoenix,2022-07-06 16:34:49.157696,8414.04
164,79,F,Phoenix,2022-07-07 16:34:49.157696,3899.95
165,41,F,New York,2022-07-08 16:34:49.157696,5761.54
166,54,M,Chicago,2022-07-09 16:34:49.157696,5918.92
167,52,F,Houston,2022-07-10 16:34:49.157696,1926.31
168,61,M,New York,2022-07-11 16:34:49.157696,3686.13
169,57,F,Chicago,2022-07-12 16:34:49.157696,3411.66
170,39,M,Chicago,2022-07-13 16:34:49.157696,359.35
171,44,M,New York,2022-07-14 16:34:49.157696,339.5
172,52,M,Phoenix,2022-07-15 16:34:49.157696,8333.8
173,18,F,Chicago,2022-07-16 16:34:49.157696,2803.4
174,52,F,Phoenix,2022-07-17 16:34:49.157696,5228.98
175,54,F,New York,2022-07-18 16:34:49.157696,3057.38
176,64,F,Phoenix,2022-07-19 16:34:49.157696,9412.72
177,31,M,Los Angeles,2022-07-20 16:34:49.157696,2667.04
178,20,F,Houston,2022-07-21 16:34:49.157696,4353.6
179,18,F,Chicago,2022-07-22 16:34:49.157696,8740.03
180,22,M,Houston,2022-07-23 16:34:49.157696,8435.14
181,43,M,Phoenix,2022-07-24 16:34:49.157696,1942.4
182,72,M,Chicago,2022-07-25 16:34:49.157696,8046.17
183,31,F,Phoenix,2022-07-26 16:34:49.157696,4636.05
184,56,M,Los Angeles,2022-07-27 16:34:49.157696,4881.39
185,44,M,New York,2022-07-28 16:34:49.157696,1421.45
186,26,M,Chicago,2022-07-29 16:34:49.157696,897.95
187,32,F,Los Angeles,2022-07-30 16:34:49.157696,7306.6
188,32,M,Los Angeles,2022-07-31 16:34:49.157696,5014.97
189,43,F,Chicago,2022-08-01 16:34:49.157696,4424.82
190,59,F,Phoenix,2022-08-02 16:34:49.157696,7322.13
191,77,M,Los Angeles,2022-08-03 16:34:49.157696,7678.58
192,30,M,Houston,2022-08-04 16:34:49.157696,1673.19
193,68,F,Los Angeles,2022-08-05 16:34:49.157696,6141.23
194,49,M,Phoenix,2022-08-06 16:34:49.157696,1440.01
195,56,M,Phoenix,2022-08-07 16:34:49.157696,7538.61
196,66,F,Houston,2022-08-08 16:34:49.157696,6603.86
197,69,F,Los Angeles,2022-08-09 16:34:49.157696,9570.48
198,78,M,Phoenix,2022-08-10 16:34:49.157696,782.68
199,49,F,Chicago,2022-08-11 16:34:49.157696,664.84
200,21,M,New York,2022-08-12 16:34:49.157696,2893.65
201,47,M,New York,2022-08-13 16:34:49.157696,2690.89
202,54,M,New York,2022-08-14 16:34:49.157696,2545.09
203,40,F,Los Angeles,2022-08-15 16:34:49.157696,9071.92
204,56,M,Houston,2022-08-16 16:34:49.157696,2570.51
205,62,M,Phoenix,2022-08-17 16:34:49.157696,2792.3
206,32,M,Chicago,2022-08-18 16:34:49.157696,7618.04
207,60,F,Chicago,2022-08-19 16:34:49.157696,4552.42
208,46,F,Los Angeles,2022-08-20 16:34:49.157696,7789.43
209,53,F,New York,2022-08-21 16:34:49.157696,747.12
210,30,F,Los Angeles,2022-08-22 16:34:49.157696,4926.95
211,49,F,Houston,2022-08-23 16:34:49.157696,432.77
212,24,M,Houston,2022-08-24 16:34:49.157696,720.27
213,76,F,Phoenix,2022-08-25 16:34:49.157696,9073.73
214,68,F,Phoenix,2022-08-26 16:34:49.157696,1478.53
215,39,F,Houston,2022-08-27 16:34:49.157696,5370.96
216,45,M,Houston,2022-08-28 16:34:49.157696,4169.85
217,19,F,Houston,2022-08-29 16:34:49.157696,3538.7
218,59,F,Los Angeles,2022-08-30 16:34:49.157696,9008.35
219,62,M,Houston,2022-08-31 16:34:49.157696,316.05
220,79,F,Chicago,2022-09-01 16:34:49.157696,6671.52
221,74,M,New York,2022-09-02 16:34:49.157696,9637.6
222,70,M,Houston,2022-09-03 16:34:49.157696,5645.67
223,23,M,New York,2022-09-04 16:34:49.157696,9374.54
224,45,M,Los Angeles,2022-09-05 16:34:49.157696,617.35
225,45,M,New York,2022-09-06 16:34:49.157696,4246.05
226,61,F,Los Angeles,2022-09-07 16:34:49.157696,2675.56
227,61,M,Chicago,2022-09-08 16:34:49.157696,7335.13
228,37,M,Los Angeles,2022-09-09 16:34:49.157696,9814.84
229,47,F,Los Angeles,2022-09-10 16:34:49.157696,2639.65
230,79,M,Phoenix,2022-09-11 16:34:49.157696,6576.33
231,28,F,Houston,2022-09-12 16:34:49.157696,2061.17
232,75,F,Houston,2022-09-13 16:34:49.157696,5696.77
233,72,F,Chicago,2022-09-14 16:34:49.157696,4692.93
234,45,M,Chicago,2022-09-15 16:34:49.157696,9722.85
235,42,M,Houston,2022-09-16 16:34:49.157696,6124.42
236,56,M,Phoenix,2022-09-17 16:34:49.157696,3560.11
237,79,F,Houston,2022-09-18 16:34:49.157696,1229.55
238,50,M,Phoenix,2022-09-19 16:34:49.157696,1597.34
239,18,M,Chicago,2022-09-20 16:34:49.157696,2330.64
240,74,M,New York,2022-09-21 16:34:49.157696,2584.57
241,44,F,Chicago,2022-09-22 16:34:49.157696,8521.1
242,79,F,Chicago,2022-09-23 16:34:49.157696,5656.11
243,74,M,Los Angeles,2022-09-24 16:34:49.157696,5281.57
244,69,M,Los Angeles,2022-09-25 16:34:49.157696,1236.21
245,30,M,Los Angeles,2022-09-26 16:34:49.157696,8615.38
246,58,M,Los Angeles,2022-09-27 16:34:49.157696,7255.86
247,20,F,Phoenix,2022-09-28 16:34:49.157696,769.92
248,56,F,Houston,2022-09-29 16:34:49.157696,7107.57
249,23,F,New York,2022-09-30 16:34:49.157696,5481.03
250,25,F,Chicago,2022-10-01 16:34:49.157696,909.08
251,44,M,Phoenix,2022-10-02 16:34:49.157696,4637.18
252,26,M,New York,2022-10-03 16:34:49.157696,4898.49
253,79,M,Phoenix,2022-10-04 16:34:49.157696,1741.17
254,54,F,Phoenix,2022-10-05 16:34:49.157696,9462.41
255,50,M,Chicago,2022-10-06 16:34:49.157696,8514.76
256,68,F,Houston,2022-10-07 16:34:49.157696,6723.32
257,59,F,Los Angeles,2022-10-08 16:34:49.157696,4676.73
258,61,M,Houston,2022-10-09 16:34:49.157696,4176.48
259,41,M,Chicago,2022-10-10 16:34:49.157696,6544.64
260,32,M,Chicago,2022-10-11 16:34:49.157696,5499.78
261,76,F,Chicago,2022-10-12 16:34:49.157696,716.5
262,71,M,New York,2022-10-13 16:34:49.157696,5173.78
263,49,F,Houston,2022-10-14 16:34:49.157696,8083.4
264,49,M,Houston,2022-10-15 16:34:49.157696,4646.47
265,41,F,Phoenix,2022-10-16 16:34:49.157696,614.37
266,58,F,Phoenix,2022-10-17 16:34:49.157696,7884.15
267,69,M,Phoenix,2022-10-18 16:34:49.157696,2093.5
268,66,F,Chicago,2022-10-19 16:34:49.157696,2660.35
269,79,F,Houston,2022-10-20 16:34:49.157696,1730.59
270,66,M,Chicago,2022-10-21 16:34:49.157696,3369.13
271,75,F,New York,2022-10-22 16:34:49.157696,7591.84
272,69,M,Phoenix,2022-10-23 16:34:49.157696,5241.92
273,29,F,Chicago,2022-10-24 16:34:49.157696,2128.32
274,79,M,Chicago,2022-10-25 16:34:49.157696,8790.52
275,56,M,New York,2022-10-26 16:34:49.157696,8807.86
276,19,F,Los Angeles,2022-10-27 16:34:49.157696,8718.73
277,20,F,Houston,2022-10-28 16:34:49.157696,2464.08
278,66,F,Los Angeles,2022-10-29 16:34:49.157696,4567.27
279,54,F,Phoenix,2022-10-30 16:34:49.157696,9851.4
280,66,F,Chicago,2022-10-31 16:34:49.157696,7742.92
281,73,M,New York,2022-11-01 16:34:49.157696,368.96
282,34,F,New York,2022-11-02 16:34:49.157696,745.53
283,76,M,Houston,2022-11-03 16:34:49.157696,4692.92
284,66,M,Los Angeles,2022-11-04 16:34:49.157696,9101.28
285,19,F,Houston,2022-11-05 16:34:49.157696,5433.15
286,19,M,Chicago,2022-11-06 16:34:49.157696,5028.34
287,45,M,Houston,2022-11-07 16:34:49.157696,1144.19
288,71,M,New York,2022-11-08 16:34:49.157696,6602.12
289,40,M,New York,2022-11-09 16:34:49.157696,8238.82
290,54,F,Phoenix,2022-11-10 16:34:49.157696,3866.16
291,49,M,Phoenix,2022-11-11 16:34:49.157696,7778.56
292,50,F,Chicago,2022-11-12 16:34:49.157696,9648.32
293,18,F,Los Angeles,2022-11-13 16:34:49.157696,2117.29
294,36,M,Houston,2022-11-14 16:34:49.157696,5280.96
295,79,F,Chicago,2022-11-15 16:34:49.157696,2942.67
296,19,F,Phoenix,2022-11-16 16:34:49.157696,7949.26
297,70,F,Houston,2022-11-17 16:34:49.157696,5818.17
298,61,M,Phoenix,2022-11-18 16:34:49.157696,6382.37
299,43,F,Houston,2022-11-19 16:34:49.157696,7999.35
300,49,F,Los Angeles,2022-11-20 16:34:49.157696,4020.11
301,23,F,Chicago,2022-11-21 16:34:49.157696,9159.39
302,49,M,Houston,2022-11-22 16:34:49.157696,5376.99
303,72,F,New York,2022-11-23 16:34:49.157696,1663.75
304,21,M,New York,2022-11-24 16:34:49.157696,6989.4
305,72,M,Houston,2022-11-25 16:34:49.157696,7953.29
306,28,M,Houston,2022-11-26 16:34:49.157696,3235.94
307,73,M,Houston,2022-11-27 16:34:49.157696,8586.07
308,76,M,New York,2022-11-28 16:34:49.157696,9070.82
309,34,M,New York,2022-11-29 16:34:49.157696,2841.35
310,55,F,Houston,2022-11-30 16:34:49.157696,9836.86
311,41,M,Phoenix,2022-12-01 16:34:49.157696,1493.04
312,22,F,Phoenix,2022-12-02 16:34:49.157696,2099.96
313,69,F,Los Angeles,2022-12-03 16:34:49.157696,1923.83
314,51,M,Chicago,2022-12-04 16:34:49.157696,8950.5
315,23,F,Phoenix,2022-12-05 16:34:49.157696,6577.5
316,39,F,New York,2022-12-06 16:34:49.157696,1605.83
317,28,F,Phoenix,2022-12-07 16:34:49.157696,4459.2
318,65,F,Los Angeles,2022-12-08 16:34:49.157696,6191.45
319,33,M,Los Angeles,2022-12-09 16:34:49.157696,926.29
320,50,F,Chicago,2022-12-10 16:34:49.157696,8835.92
321,26,M,Phoenix,2022-12-11 16:34:49.157696,8055.68
322,77,F,New York,2022-12-12 16:34:49.157696,5101.55
323,76,F,New York,2022-12-13 16:34:49.157696,9674.55
324,23,M,Houston,2022-12-14 16:34:49.157696,4235.83
325,33,F,New York,2022-12-15 16:34:49.157696,9842.69
326,46,F,Chicago,2022-12-16 16:34:49.157696,6712.41
327,20,F,Chicago,2022-12-17 16:34:49.157696,6383.25
328,37,M,New York,2022-12-18 16:34:49.157696,1742.95
329,77,F,New York,2022-12-19 16:34:49.157696,8831.08
330,76,M,Houston,2022-12-20 16:34:49.157696,4332.15
331,53,F,New York,2022-12-21 16:34:49.157696,1706.11
332,36,M,Houston,2022-12-22 16:34:49.157696,224.81
333,43,M,Houston,2022-12-23 16:34:49.157696,5641.58
334,20,F,New York,2022-12-24 16:34:49.157696,5321.26
335,36,F,Los Angeles,2022-12-25 16:34:49.157696,7221.6
336,37,M,Los Angeles,2022-12-26 16:34:49.157696,8913.55
337,49,M,Houston,2022-12-27 16:34:49.157696,886.13
338,24,F,New York,2022-12-28 16:34:49.157696,7341.82
339,69,M,Los Angeles,2022-12-29 16:34:49.157696,1955.38
340,58,F,New York,2022-12-30 16:34:49.157696,8595.95
341,50,F,New York,2022-12-31 16:34:49.157696,8208.73
342,57,F,New York,2023-01-01 16:34:49.157696,5453.86
343,56,F,Phoenix,2023-01-02 16:34:49.157696,7131.4
344,35,M,New York,2023-01-03 16:34:49.157696,3212.07
345,57,F,Phoenix,2023-01-04 16:34:49.157696,4764.56
346,18,M,Houston,2023-01-05 16:34:49.157696,8234.21
347,28,F,Los Angeles,2023-01-06 16:34:49.157696,4646.73
348,45,M,Los Angeles,2023-01-07 16:34:49.157696,3642.2
349,74,F,Los Angeles,2023-01-08 16:34:49.157696,4992.7
350,42,M,Los Angeles,2023-01-09 16:34:49.157696,8299.67
351,67,M,Los Angeles,2023-01-10 16:34:49.157696,3418.56
352,40,F,Los Angeles,2023-01-11 16:34:49.157696,1820.24
353,48,F,Los Angeles,2023-01-12 16:34:49.157696,7148.94
354,47,F,Houston,2023-01-13 16:34:49.157696,8277.18
355,59,F,New York,2023-01-14 16:34:49.157696,1096.31
356,52,M,Chicago,2023-01-15 16:34:49.157696,2474.75
357,24,F,Phoenix,2023-01-16 16:34:49.157696,1505.52
358,77,M,Chicago,2023-01-17 16:34:49.157696,3544.62
359,33,M,Chicago,2023-01-18 16:34:49.157696,4558.47
360,43,F,New York,2023-01-19 16:34:49.157696,7513.38
361,65,M,New York,2023-01-20 16:34:49.157696,6546.36
362,74,M,New York,2023-01-21 16:34:49.157696,6247.19
363,69,M,Los Angeles,2023-01-22 16:34:49.157696,3588.51
364,77,M,Houston,2023-01-23 16:34:49.157696,8430.33
365,66,F,Los Angeles,2023-01-24 16:34:49.157696,4765.74
366,19,F,Houston,2023-01-25 16:34:49.157696,9793.14
367,18,F,Houston,2023-01-26 16:34:49.157696,6378.01
368,65,F,Chicago,2023-01-27 16:34:49.157696,1350.02
369,79,M,Chicago,2023-01-28 16:34:49.157696,6794.16
370,29,M,Houston,2023-01-29 16:34:49.157696,3318.53
371,22,F,Houston,2023-01-30 16:34:49.157696,6894.64
372,54,F,Los Angeles,2023-01-31 16:34:49.157696,789.45
373,49,F,Los Angeles,2023-02-01 16:34:49.157696,1831.33
374,76,M,Chicago,2023-02-02 16:34:49.157696,8571.8
375,72,F,New York,2023-02-03 16:34:49.157696,2349.08
376,26,F,Houston,2023-02-04 16:34:49.157696,8386.71
377,58,F,Los Angeles,2023-02-05 16:34:49.157696,2864.83
378,52,M,Chicago,2023-02-06 16:34:49.157696,6464.53
379,36,M,Los Angeles,2023-02-07 16:34:49.157696,6972.09
380,65,M,Houston,2023-02-08 16:34:49.157696,5175.28
381,33,M,Houston,2023-02-09 16:34:49.157696,3122.58
382,20,M,Phoenix,2023-02-10 16:34:49.157696,2205.18
383,37,M,New York,2023-02-11 16:34:49.157696,428.57
384,41,M,Phoenix,2023-02-12 16:34:49.157696,3109.07
385,71,M,Chicago,2023-02-13 16:34:49.157696,6566.31
386,73,F,Los Angeles,2023-02-14 16:34:49.157696,9389.22
387,50,F,Chicago,2023-02-15 16:34:49.157696,8724.92
388,41,M,Houston,2023-02-16 16:34:49.157696,7684.04
389,69,M,Phoenix,2023-02-17 16:34:49.157696,7905.63
390,28,F,Phoenix,2023-02-18 16:34:49.157696,6683.35
391,66,M,Phoenix,2023-02-19 16:34:49.157696,2676.84
392,25,M,Chicago,2023-02-20 16:34:49.157696,9081.23
393,53,M,Houston,2023-02-21 16:34:49.157696,6740.25
394,55,F,Los Angeles,2023-02-22 16:34:49.157696,5648.36
395,57,F,Los Angeles,2023-02-23 16:34:49.157696,1198.8
396,37,F,Chicago,2023-02-24 16:34:49.157696,4525.85
397,79,F,Phoenix,2023-02-25 16:34:49.157696,4657.55
398,52,F,New York,2023-02-26 16:34:49.157696,8659.18
399,65,M,Chicago,2023-02-27 16:34:49.157696,5511.82
400,79,F,Chicago,2023-02-28 16:34:49.157696,3865.97
401,42,M,Houston,2023-03-01 16:34:49.157696,9770.32
402,52,M,Los Angeles,2023-03-02 16:34:49.157696,1196.13
403,42,F,Chicago,2023-03-03 16:34:49.157696,4283.23
404,46,F,Chicago,2023-03-04 16:34:49.157696,516.04
405,35,M,Phoenix,2023-03-05 16:34:49.157696,7425.05
406,63,M,Phoenix,2023-03-06 16:34:49.157696,9188.96
407,35,M,New York,2023-03-07 16:34:49.157696,2872.37
408,19,F,Houston,2023-03-08 16:34:49.157696,8597.58
409,71,F,New York,2023-03-09 16:34:49.157696,2992.96
410,52,F,Phoenix,2023-03-10 16:34:49.157696,9116.62
411,33,F,Los Angeles,2023-03-11 16:34:49.157696,7564.22
412,78,F,Phoenix,2023-03-12 16:34:49.157696,8068.58
413,58,M,Houston,2023-03-13 16:34:49.157696,278.26
414,53,F,Phoenix,2023-03-14 16:34:49.157696,9631.82
415,50,M,Houston,2023-03-15 16:34:49.157696,7294.04
416,21,M,Houston,2023-03-16 16:34:49.157696,3117.04
417,50,M,Houston,2023-03-17 16:34:49.157696,8311.01
418,31,F,Houston,2023-03-18 16:34:49.157696,2887.06
419,38,F,Houston,2023-03-19 16:34:49.157696,8740.26
420,65,F,Los Angeles,2023-03-20 16:34:49.157696,1214.55
421,37,M,New York,2023-03-21 16:34:49.157696,7066.49
422,73,M,Chicago,2023-03-22 16:34:49.157696,5452.91
423,25,M,New York,2023-03-23 16:34:49.157696,1055.69
424,24,M,Houston,2023-03-24 16:34:49.157696,2494.75
425,20,M,Los Angeles,2023-03-25 16:34:49.157696,222.8
426,34,M,Phoenix,2023-03-26 16:34:49.157696,4740.8
427,50,F,Los Angeles,2023-03-27 16:34:49.157696,3082.53
428,65,F,Houston,2023-03-28 16:34:49.157696,6023.74
429,29,F,Los Angeles,2023-03-29 16:34:49.157696,3042.65
430,76,F,Los Angeles,2023-03-30 16:34:49.157696,3069.2
431,68,M,Houston,2023-03-31 16:34:49.157696,7457.61
432,39,M,Los Angeles,2023-04-01 16:34:49.157696,576.61
433,72,F,Chicago,2023-04-02 16:34:49.157696,9038.66
434,39,M,Chicago,2023-04-03 16:34:49.157696,8537.41
435,63,F,Los Angeles,2023-04-04 16:34:49.157696,6711.27
436,47,F,Phoenix,2023-04-05 16:34:49.157696,5972.89
437,55,F,Houston,2023-04-06 16:34:49.157696,8933.79
438,55,M,Chicago,2023-04-07 16:34:49.157696,1934.77
439,62,F,Phoenix,2023-04-08 16:34:49.157696,881.79
440,68,F,Los Angeles,2023-04-09 16:34:49.157696,2471.15
441,71,F,Phoenix,2023-04-10 16:34:49.157696,7966.32
442,25,M,New York,2023-04-11 16:34:49.157696,443.24
443,44,M,Chicago,2023-04-12 16:34:49.157696,5869.79
444,44,F,Los Angeles,2023-04-13 16:34:49.157696,9954.83
445,51,M,Houston,2023-04-14 16:34:49.157696,8571.39
446,38,M,Los Angeles,2023-04-15 16:34:49.157696,5262.31
447,47,M,Houston,2023-04-16 16:34:49.157696,730.05
448,50,M,Los Angeles,2023-04-17 16:34:49.157696,8330.6
449,45,M,Phoenix,2023-04-18 16:34:49.157696,6029.89
450,64,M,Phoenix,2023-04-19 16:34:49.157696,1237.84
451,50,M,Phoenix,2023-04-20 16:34:49.157696,1029.19
452,22,M,New York,2023-04-21 16:34:49.157696,9105.31
453,77,M,Houston,2023-04-22 16:34:49.157696,6725.08
454,78,M,Phoenix,2023-04-23 16:34:49.157696,8309.94
455,65,F,New York,2023-04-24 16:34:49.157696,8801.89
456,36,F,Houston,2023-04-25 16:34:49.157696,5760.55
457,21,M,Los Angeles,2023-04-26 16:34:49.157696,5222.72
458,52,F,New York,2023-04-27 16:34:49.157696,4361.23
459,66,F,Chicago,2023-04-28 16:34:49.157696,3237.77
460,34,M,New York,2023-04-29 16:34:49.157696,4402.5
461,61,M,New York,2023-04-30 16:34:49.157696,7761.41
462,45,M,Houston,2023-05-01 16:34:49.157696,6059.04
463,47,F,Los Angeles,2023-05-02 16:34:49.157696,8935.98
464,46,F,Chicago,2023-05-03 16:34:49.157696,4489.46
465,63,M,Phoenix,2023-05-04 16:34:49.157696,6110.19
466,70,M,Phoenix,2023-05-05 16:34:49.157696,6349.94
467,23,M,New York,2023-05-06 16:34:49.157696,5957.8
468,52,F,Houston,2023-05-07 16:34:49.157696,7056.07
469,77,F,Houston,2023-05-08 16:34:49.157696,2450.59
470,58,F,Phoenix,2023-05-09 16:34:49.157696,5172.4
471,54,F,Chicago,2023-05-10 16:34:49.157696,1131.83
472,41,M,Los Angeles,2023-05-11 16:34:49.157696,3906.66
473,46,M,Chicago,2023-05-12 16:34:49.157696,4927.9
474,66,M,Los Angeles,2023-05-13 16:34:49.157696,6557.02
475,63,M,Phoenix,2023-05-14 16:34:49.157696,9510.26
476,70,F,Los Angeles,2023-05-15 16:34:49.157696,6046.45
477,48,F,Houston,2023-05-16 16:34:49.157696,7461.58
478,52,M,New York,2023-05-17 16:34:49.157696,5112.03
479,77,M,New York,2023-05-18 16:34:49.157696,6377.63
480,50,F,Phoenix,2023-05-19 16:34:49.157696,802.23
481,69,M,Houston,2023-05-20 16:34:49.157696,2618.48
482,78,F,Chicago,2023-05-21 16:34:49.157696,3682.35
483,38,M,Houston,2023-05-22 16:34:49.157696,4777.68
484,49,M,New York,2023-05-23 16:34:49.157696,551.92
485,40,M,New York,2023-05-24 16:34:49.157696,1486.24
486,50,M,Houston,2023-05-25 16:34:49.157696,2840.46
487,20,M,Houston,2023-05-26 16:34:49.157696,9718.17
488,35,M,New York,2023-05-27 16:34:49.157696,3380.34
489,42,M,Chicago,2023-05-28 16:34:49.157696,4872.21
490,59,F,Phoenix,2023-05-29 16:34:49.157696,2041.37
491,48,F,Phoenix,2023-05-30 16:34:49.157696,6146.72
492,71,F,Houston,2023-05-31 16:34:49.157696,2878.76
493,75,F,Phoenix,2023-06-01 16:34:49.157696,2149.23
494,20,F,New York,2023-06-02 16:34:49.157696,5214.07
495,57,M,New York,2023-06-03 16:34:49.157696,154.51
496,63,M,Houston,2023-06-04 16:34:49.157696,175.87
497,41,F,Houston,2023-06-05 16:34:49.157696,2268.78
498,67,M,Houston,2023-06-06 16:34:49.157696,463.54
499,49,F,Chicago,2023-06-07 16:34:49.157696,1169.45
500,64,F,Phoenix,2023-06-08 16:34:49.157696,3454.72
501,39,M,Houston,2023-06-09 16:34:49.157696,8045.6
502,40,M,Los Angeles,2023-06-10 16:34:49.157696,5763.28
503,19,M,Los Angeles,2023-06-11 16:34:49.157696,5175.41
504,44,F,New York,2023-06-12 16:34:49.157696,3005.54
505,59,M,Phoenix,2023-06-13 16:34:49.157696,9324.36
506,19,F,Houston,2023-06-14 16:34:49.157696,4030.45
507,43,F,Los Angeles,2023-06-15 16:34:49.157696,962.22
508,34,F,Phoenix,2023-06-16 16:34:49.157696,6208.96
509,57,M,New York,2023-06-17 16:34:49.157696,1227.0
510,50,M,Chicago,2023-06-18 16:34:49.157696,3517.71
511,26,F,Phoenix,2023-06-19 16:34:49.157696,5123.38
512,60,M,Phoenix,2023-06-20 16:34:49.157696,8754.8
513,71,M,Chicago,2023-06-21 16:34:49.157696,4986.11
514,65,M,Phoenix,2023-06-22 16:34:49.157696,7052.36
515,56,F,New York,2023-06-23 16:34:49.157696,9928.89
516,46,F,New York,2023-06-24 16:34:49.157696,1401.74
517,59,M,Chicago,2023-06-25 16:34:49.157696,2819.84
518,72,F,Houston,2023-06-26 16:34:49.157696,4006.3
519,43,M,Los Angeles,2023-06-27 16:34:49.157696,4276.1
520,52,M,Houston,2023-06-28 16:34:49.157696,4169.11
521,67,M,Phoenix,2023-06-29 16:34:49.157696,9085.35
522,42,M,Los Angeles,2023-06-30 16:34:49.157696,7168.92
523,41,F,Chicago,2023-07-01 16:34:49.157696,6118.26
524,30,F,Chicago,2023-07-02 16:34:49.157696,3162.79
525,77,F,Los Angeles,2023-07-03 16:34:49.157696,8255.52
526,75,M,New York,2023-07-04 16:34:49.157696,9555.1
527,24,M,Los Angeles,2023-07-05 16:34:49.157696,8229.86
528,74,M,Phoenix,2023-07-06 16:34:49.157696,115.49
529,53,F,New York,2023-07-07 16:34:49.157696,6400.37
530,62,M,Chicago,2023-07-08 16:34:49.157696,606.24
531,37,F,Los Angeles,2023-07-09 16:34:49.157696,2650.31
532,18,F,Houston,2023-07-10 16:34:49.157696,689.29
533,25,F,Houston,2023-07-11 16:34:49.157696,6077.57
534,63,F,Phoenix,2023-07-12 16:34:49.157696,6897.24
535,33,F,Houston,2023-07-13 16:34:49.157696,1233.43
536,31,F,Los Angeles,2023-07-14 16:34:49.157696,3900.0
537,29,M,Los Angeles,2023-07-15 16:34:49.157696,4616.74
538,68,M,Houston,2023-07-16 16:34:49.157696,3753.62
539,40,F,Los Angeles,2023-07-17 16:34:49.157696,1298.15
540,32,F,Phoenix,2023-07-18 16:34:49.157696,4247.58
541,45,M,New York,2023-07-19 16:34:49.157696,7536.66
542,51,F,Phoenix,2023-07-20 16:34:49.157696,802.98
543,19,F,Phoenix,2023-07-21 16:34:49.157696,893.78
544,49,M,Los Angeles,2023-07-22 16:34:49.157696,3612.24
545,40,F,New York,2023-07-23 16:34:49.157696,9423.08
546,39,F,Los Angeles,2023-07-24 16:34:49.157696,6718.87
547,68,F,Chicago,2023-07-25 16:34:49.157696,6818.83
548,42,M,Los Angeles,2023-07-26 16:34:49.157696,3683.01
549,75,M,Los Angeles,2023-07-27 16:34:49.157696,5977.24
550,79,M,Los Angeles,2023-07-28 16:34:49.157696,200.3
551,78,F,New York,2023-07-29 16:34:49.157696,6397.35
552,39,F,Los Angeles,2023-07-30 16:34:49.157696,9141.54
553,75,M,New York,2023-07-31 16:34:49.157696,6164.48
554,75,F,Houston,2023-08-01 16:34:49.157696,8749.62
555,39,F,Chicago,2023-08-02 16:34:49.157696,7267.33
556,66,F,New York,2023-08-03 16:34:49.157696,1293.53
557,69,F,Houston,2023-08-04 16:34:49.157696,9034.29
558,59,F,New York,2023-08-05 16:34:49.157696,757.79
559,23,M,New York,2023-08-06 16:34:49.157696,5386.28
560,32,F,Chicago,2023-08-07 16:34:49.157696,1507.16
561,71,M,Phoenix,2023-08-08 16:34:49.157696,215.9
562,60,F,Phoenix,2023-08-09 16:34:49.157696,4278.14
563,77,M,New York,2023-08-10 16:34:49.157696,3020.9
564,54,F,Los Angeles,2023-08-11 16:34:49.157696,4911.4
565,50,M,Houston,2023-08-12 16:34:49.157696,5814.28
566,25,F,Los Angeles,2023-08-13 16:34:49.157696,533.02
567,70,M,Los Angeles,2023-08-14 16:34:49.157696,1317.73
568,77,F,New York,2023-08-15 16:34:49.157696,5630.56
569,61,M,New York,2023-08-16 16:34:49.157696,3497.36
570,61,F,New York,2023-08-17 16:34:49.157696,7318.82
571,22,M,New York,2023-08-18 16:34:49.157696,6557.69
572,56,M,Phoenix,2023-08-19 16:34:49.157696,8471.48
573,21,F,New York,2023-08-20 16:34:49.157696,6955.68
574,23,F,Phoenix,2023-08-21 16:34:49.157696,4356.32
575,62,M,Phoenix,2023-08-22 16:34:49.157696,6762.37
576,49,F,New York,2023-08-23 16:34:49.157696,2826.27
577,69,M,Chicago,2023-08-24 16:34:49.157696,3132.5
578,47,M,Houston,2023-08-25 16:34:49.157696,7910.95
579,64,M,Los Angeles,2023-08-26 16:34:49.157696,4519.55
580,52,F,Phoenix,2023-08-27 16:34:49.157696,8003.97
581,72,M,Houston,2023-08-28 16:34:49.157696,8241.98
582,57,M,Chicago,2023-08-29 16:34:49.157696,8589.87
583,69,F,Los Angeles,2023-08-30 16:34:49.157696,9174.69
584,33,F,Los Angeles,2023-08-31 16:34:49.157696,4366.75
585,30,F,Phoenix,2023-09-01 16:34:49.157696,3256.78
586,67,F,New York,2023-09-02 16:34:49.157696,5863.77
587,77,M,Chicago,2023-09-03 16:34:49.157696,3774.61
588,59,M,Phoenix,2023-09-04 16:34:49.157696,6050.63
589,47,M,Chicago,2023-09-05 16:34:49.157696,7085.3
590,36,M,New York,2023-09-06 16:34:49.157696,6915.21
591,34,F,New York,2023-09-07 16:34:49.157696,3808.07
592,73,M,Phoenix,2023-09-08 16:34:49.157696,1751.92
593,36,M,New York,2023-09-09 16:34:49.157696,4362.24
594,45,F,Houston,2023-09-10 16:34:49.157696,1511.68
595,75,M,Los Angeles,2023-09-11 16:34:49.157696,8911.96
596,72,M,Phoenix,2023-09-12 16:34:49.157696,3524.19
597,43,M,Chicago,2023-09-13 16:34:49.157696,1629.15
598,54,M,Houston,2023-09-14 16:34:49.157696,351.93
599,43,M,Phoenix,2023-09-15 16:34:49.157696,6493.64
600,70,M,New York,2023-09-16 16:34:49.157696,6405.33
601,79,F,New York,2023-09-17 16:34:49.157696,3471.98
602,40,F,New York,2023-09-18 16:34:49.157696,809.95
603,26,M,New York,2023-09-19 16:34:49.157696,4155.33
604,29,M,Chicago,2023-09-20 16:34:49.157696,3181.05
605,70,F,Houston,2023-09-21 16:34:49.157696,6803.49
606,18,M,Los Angeles,2023-09-22 16:34:49.157696,6097.21
607,75,M,Chicago,2023-09-23 16:34:49.157696,3709.48
608,75,M,Chicago,2023-09-24 16:34:49.157696,2257.14
609,18,F,Los Angeles,2023-09-25 16:34:49.157696,9881.56
610,64,M,Los Angeles,2023-09-26 16:34:49.157696,4594.62
611,51,F,New York,2023-09-27 16:34:49.157696,6913.91
612,49,M,Chicago,2023-09-28 16:34:49.157696,1491.47
613,79,F,Phoenix,2023-09-29 16:34:49.157696,4907.34
614,71,F,Los Angeles,2023-09-30 16:34:49.157696,372.61
615,65,M,Los Angeles,2023-10-01 16:34:49.157696,5104.01
616,42,F,Houston,2023-10-02 16:34:49.157696,9643.77
617,57,M,Phoenix,2023-10-03 16:34:49.157696,3903.65
618,62,F,Phoenix,2023-10-04 16:34:49.157696,486.06
619,70,M,Los Angeles,2023-10-05 16:34:49.157696,406.46
620,18,M,New York,2023-10-06 16:34:49.157696,3941.07
621,33,F,Houston,2023-10-07 16:34:49.157696,1684.25
622,78,M,Phoenix,2023-10-08 16:34:49.157696,331.19
623,56,M,Los Angeles,2023-10-09 16:34:49.157696,7586.51
624,22,F,Phoenix,2023-10-10 16:34:49.157696,4639.38
625,39,M,Houston,2023-10-11 16:34:49.157696,2963.52
626,46,M,Houston,2023-10-12 16:34:49.157696,9010.82
627,72,F,Chicago,2023-10-13 16:34:49.157696,1249.78
628,20,F,Los Angeles,2023-10-14 16:34:49.157696,9563.6
629,29,M,Houston,2023-10-15 16:34:49.157696,3208.27
630,43,M,Chicago,2023-10-16 16:34:49.157696,8895.2
631,33,F,Chicago,2023-10-17 16:34:49.157696,6069.13
632,68,F,Phoenix,2023-10-18 16:34:49.157696,8284.4
633,54,M,Phoenix,2023-10-19 16:34:49.157696,9841.73
634,39,F,Chicago,2023-10-20 16:34:49.157696,2955.21
635,74,M,Phoenix,2023-10-21 16:34:49.157696,9615.24
636,46,M,Houston,2023-10-22 16:34:49.157696,3955.87
637,31,M,New York,2023-10-23 16:34:49.157696,3916.57
638,45,M,Houston,2023-10-24 16:34:49.157696,3469.83
639,22,M,Chicago,2023-10-25 16:34:49.157696,5459.94
640,64,F,Chicago,2023-10-26 16:34:49.157696,1626.04
641,66,F,Houston,2023-10-27 16:34:49.157696,5581.74
642,47,F,Phoenix,2023-10-28 16:34:49.157696,5462.88
643,63,F,Phoenix,2023-10-29 16:34:49.157696,7642.83
644,79,M,Chicago,2023-10-30 16:34:49.157696,8353.13
645,69,M,Los Angeles,2023-10-31 16:34:49.157696,4460.37
646,22,M,Phoenix,2023-11-01 16:34:49.157696,3093.1
647,29,M,Houston,2023-11-02 16:34:49.157696,2667.42
648,33,F,Phoenix,2023-11-03 16:34:49.157696,2026.78
649,43,M,Houston,2023-11-04 16:34:49.157696,670.71
650,43,M,Chicago,2023-11-05 16:34:49.157696,3490.23
651,65,F,Phoenix,2023-11-06 16:34:49.157696,2775.45
652,38,F,Houston,2023-11-07 16:34:49.157696,9667.53
653,56,F,Chicago,2023-11-08 16:34:49.157696,5621.32
654,53,F,Los Angeles,2023-11-09 16:34:49.157696,3538.04
655,50,M,Houston,2023-11-10 16:34:49.157696,5846.63
656,79,M,Los Angeles,2023-11-11 16:34:49.157696,1478.05
657,47,F,Los Angeles,2023-11-12 16:34:49.157696,4496.03
658,54,M,New York,2023-11-13 16:34:49.157696,6299.72
659,40,M,Phoenix,2023-11-14 16:34:49.157696,4940.09
660,75,M,Houston,2023-11-15 16:34:49.157696,4077.61
661,27,F,Los Angeles,2023-11-16 16:34:49.157696,9939.1
662,71,M,New York,2023-11-17 16:34:49.157696,8815.12
663,22,F,Chicago,2023-11-18 16:34:49.157696,6271.72
664,53,M,Houston,2023-11-19 16:34:49.157696,5736.84
665,51,M,Los Angeles,2023-11-20 16:34:49.157696,6244.54
666,69,M,Phoenix,2023-11-21 16:34:49.157696,2092.99
667,48,F,New York,2023-11-22 16:34:49.157696,4011.86
668,27,M,Los Angeles,2023-11-23 16:34:49.157696,490.65
669,75,F,Phoenix,2023-11-24 16:34:49.157696,4807.91
670,36,F,Los Angeles,2023-11-25 16:34:49.157696,5475.94
671,75,F,Houston,2023-11-26 16:34:49.157696,2354.72
672,49,M,Houston,2023-11-27 16:34:49.157696,9643.89
673,18,M,Houston,2023-11-28 16:34:49.157696,9103.6
674,73,M,New York,2023-11-29 16:34:49.157696,7249.22
675,22,M,Houston,2023-11-30 16:34:49.157696,5380.53
676,62,F,Phoenix,2023-12-01 16:34:49.157696,8712.69
677,21,F,Los Angeles,2023-12-02 16:34:49.157696,1393.46
678,33,F,Chicago,2023-12-03 16:34:49.157696,7926.05
679,41,M,Phoenix,2023-12-04 16:34:49.157696,1335.73
680,33,F,Phoenix,2023-12-05 16:34:49.157696,7962.69
681,72,M,Houston,2023-12-06 16:34:49.157696,2830.1
682,19,F,New York,2023-12-07 16:34:49.157696,8783.2
683,66,M,Los Angeles,2023-12-08 16:34:49.157696,9446.02
684,45,M,New York,2023-12-09 16:34:49.157696,1573.08
685,49,F,Los Angeles,2023-12-10 16:34:49.157696,4680.49
686,44,F,Los Angeles,2023-12-11 16:34:49.157696,9811.78
687,37,F,New York,2023-12-12 16:34:49.157696,4885.73
688,41,F,Phoenix,2023-12-13 16:34:49.157696,8649.12
689,29,M,Los Angeles,2023-12-14 16:34:49.157696,5928.44
690,67,F,New York,2023-12-15 16:34:49.157696,3815.77
691,52,F,Los Angeles,2023-12-16 16:34:49.157696,2929.26
692,77,F,Chicago,2023-12-17 16:34:49.157696,2111.91
693,50,M,Phoenix,2023-12-18 16:34:49.157696,7641.8
694,50,M,Houston,2023-12-19 16:34:49.157696,3926.75
695,78,F,Los Angeles,2023-12-20 16:34:49.157696,5161.63
696,68,M,Chicago,2023-12-21 16:34:49.157696,4974.02
697,60,F,Houston,2023-12-22 16:34:49.157696,5815.06
698,54,M,Houston,2023-12-23 16:34:49.157696,8669.21
699,29,M,Los Angeles,2023-12-24 16:34:49.157696,9809.32
700,20,M,New York,2023-12-25 16:34:49.157696,4135.08
701,18,M,Los Angeles,2023-12-26 16:34:49.157696,8292.44
702,50,F,Chicago,2023-12-27 16:34:49.157696,7668.83
703,57,F,Houston,2023-12-28 16:34:49.157696,5777.94
704,27,F,Los Angeles,2023-12-29 16:34:49.157696,9564.87
705,60,M,New York,2023-12-30 16:34:49.157696,2084.7
706,61,F,Los Angeles,2023-12-31 16:34:49.157696,1181.72
707,46,F,Phoenix,2024-01-01 16:34:49.157696,8554.22
708,30,F,New York,2024-01-02 16:34:49.157696,4447.58
709,29,M,Chicago,2024-01-03 16:34:49.157696,8484.99
710,48,M,Houston,2024-01-04 16:34:49.157696,8941.59
711,63,M,Los Angeles,2024-01-05 16:34:49.157696,718.33
712,19,F,New York,2024-01-06 16:34:49.157696,8846.3
713,78,F,Phoenix,2024-01-07 16:34:49.157696,4538.36
714,68,F,New York,2024-01-08 16:34:49.157696,5153.28
715,67,M,Phoenix,2024-01-09 16:34:49.157696,6303.27
716,52,M,Chicago,2024-01-10 16:34:49.157696,9271.19
717,40,F,Houston,2024-01-11 16:34:49.157696,289.25
718,34,M,Chicago,2024-01-12 16:34:49.157696,4820.75
719,43,M,Los Angeles,2024-01-13 16:34:49.157696,6908.45
720,25,M,New York,2024-01-14 16:34:49.157696,7254.8
721,46,M,Phoenix,2024-01-15 16:34:49.157696,6956.07
722,43,F,Phoenix,2024-01-16 16:34:49.157696,1430.91
723,27,M,New York,2024-01-17 16:34:49.157696,3064.02
724,43,M,New York,2024-01-18 16:34:49.157696,3651.28
725,79,M,Los Angeles,2024-01-19 16:34:49.157696,8063.93
726,51,M,Chicago,2024-01-20 16:34:49.157696,2859.72
727,68,F,Phoenix,2024-01-21 16:34:49.157696,2185.98
728,58,F,Los Angeles,2024-01-22 16:34:49.157696,9578.74
729,24,M,Chicago,2024-01-23 16:34:49.157696,187.75
730,21,M,Los Angeles,2024-01-24 16:34:49.157696,9978.43
731,75,M,Phoenix,2024-01-25 16:34:49.157696,6800.53
732,70,M,New York,2024-01-26 16:34:49.157696,8301.85
733,67,M,New York,2024-01-27 16:34:49.157696,3016.73
734,62,M,Chicago,2024-01-28 16:34:49.157696,241.72
735,28,F,Houston,2024-01-29 16:34:49.157696,7404.91
736,46,M,Chicago,2024-01-30 16:34:49.157696,8358.03
737,73,F,Houston,2024-01-31 16:34:49.157696,7430.71
738,53,F,Los Angeles,2024-02-01 16:34:49.157696,1514.22
739,42,M,Los Angeles,2024-02-02 16:34:49.157696,7558.94
740,38,F,Phoenix,2024-02-03 16:34:49.157696,7712.34
741,78,F,Houston,2024-02-04 16:34:49.157696,6619.55
742,74,F,Phoenix,2024-02-05 16:34:49.157696,7684.55
743,53,F,New York,2024-02-06 16:34:49.157696,8474.62
744,27,F,Houston,2024-02-07 16:34:49.157696,6174.68
745,54,F,Chicago,2024-02-08 16:34:49.157696,977.19
746,26,M,New York,2024-02-09 16:34:49.157696,4927.52
747,41,F,New York,2024-02-10 16:34:49.157696,868.73
748,52,F,Chicago,2024-02-11 16:34:49.157696,4134.68
749,66,F,New York,2024-02-12 16:34:49.157696,4130.35
750,52,M,Houston,2024-02-13 16:34:49.157696,753.5
751,65,F,Phoenix,2024-02-14 16:34:49.157696,3553.32
752,53,M,New York,2024-02-15 16:34:49.157696,1198.88
753,35,F,Houston,2024-02-16 16:34:49.157696,8101.53
754,66,M,Los Angeles,2024-02-17 16:34:49.157696,9482.11
755,56,M,Houston,2024-02-18 16:34:49.157696,815.93
756,49,F,Phoenix,2024-02-19 16:34:49.157696,9555.64
757,41,F,Houston,2024-02-20 16:34:49.157696,5273.51
758,40,M,Chicago,2024-02-21 16:34:49.157696,3065.7
759,79,F,Phoenix,2024-02-22 16:34:49.157696,860.93
760,49,M,Los Angeles,2024-02-23 16:34:49.157696,5056.18
761,54,M,Chicago,2024-02-24 16:34:49.157696,7965.7
762,29,M,Houston,2024-02-25 16:34:49.157696,7100.16
763,66,M,Phoenix,2024-02-26 16:34:49.157696,597.24
764,72,M,Los Angeles,2024-02-27 16:34:49.157696,821.73
765,30,F,Chicago,2024-02-28 16:34:49.157696,4088.45
766,40,M,Los Angeles,2024-02-29 16:34:49.157696,3023.38
767,42,M,Houston,2024-03-01 16:34:49.157696,2400.6
768,52,F,Los Angeles,2024-03-02 16:34:49.157696,2881.94
769,58,M,New York,2024-03-03 16:34:49.157696,8054.48
770,47,F,Chicago,2024-03-04 16:34:49.157696,9299.36
771,34,F,Los Angeles,2024-03-05 16:34:49.157696,4110.52
772,66,F,Houston,2024-03-06 16:34:49.157696,9070.5
773,79,M,Houston,2024-03-07 16:34:49.157696,3282.81
774,37,M,Los Angeles,2024-03-08 16:34:49.157696,4816.73
775,65,M,Houston,2024-03-09 16:34:49.157696,2337.69
776,42,F,Phoenix,2024-03-10 16:34:49.157696,6440.71
777,39,M,Phoenix,2024-03-11 16:34:49.157696,9791.91
778,30,F,Phoenix,2024-03-12 16:34:49.157696,6074.58
779,76,M,New York,2024-03-13 16:34:49.157696,3642.36
780,36,F,Los Angeles,2024-03-14 16:34:49.157696,6513.39
781,66,M,New York,2024-03-15 16:34:49.157696,1316.91
782,53,M,Houston,2024-03-16 16:34:49.157696,8897.72
783,29,M,New York,2024-03-17 16:34:49.157696,5080.53
784,78,F,Houston,2024-03-18 16:34:49.157696,4548.56
785,58,F,Houston,2024-03-19 16:34:49.157696,5900.06
786,36,M,Chicago,2024-03-20 16:34:49.157696,6285.36
787,29,M,Phoenix,2024-03-21 16:34:49.157696,810.58
788,26,F,Houston,2024-03-22 16:34:49.157696,6857.91
789,24,F,Chicago,2024-03-23 16:34:49.157696,2495.12
790,45,F,Phoenix,2024-03-24 16:34:49.157696,7168.13
791,31,M,Houston,2024-03-25 16:34:49.157696,8243.09
792,48,F,Houston,2024-03-26 16:34:49.157696,8059.19
793,69,M,New York,2024-03-27 16:34:49.157696,5569.76
794,36,F,New York,2024-03-28 16:34:49.157696,5249.68
795,75,M,Phoenix,2024-03-29 16:34:49.157696,1514.47
796,64,F,Houston,2024-03-30 16:34:49.157696,7775.93
797,33,F,Los Angeles,2024-03-31 16:34:49.157696,2786.95
798,70,F,New York,2024-04-01 16:34:49.157696,5017.28
799,22,F,Phoenix,2024-04-02 16:34:49.157696,2914.31
800,52,F,Houston,2024-04-03 16:34:49.157696,1424.9
801,29,M,Houston,2024-04-04 16:34:49.157696,6332.62
802,42,F,Los Angeles,2024-04-05 16:34:49.157696,637.89
803,69,F,Phoenix,2024-04-06 16:34:49.157696,7511.59
804,76,F,Houston,2024-04-07 16:34:49.157696,3244.11
805,38,M,New York,2024-04-08 16:34:49.157696,101.33
806,53,F,Los Angeles,2024-04-09 16:34:49.157696,5160.18
807,70,M,Phoenix,2024-04-10 16:34:49.157696,563.83
808,40,F,Los Angeles,2024-04-11 16:34:49.157696,2834.08
809,33,F,New York,2024-04-12 16:34:49.157696,7099.07
810,74,M,Phoenix,2024-04-13 16:34:49.157696,720.63
811,56,F,Los Angeles,2024-04-14 16:34:49.157696,8409.45
812,62,M,Chicago,2024-04-15 16:34:49.157696,137.82
813,70,M,New York,2024-04-16 16:34:49.157696,2543.56
814,59,F,New York,2024-04-17 16:34:49.157696,7434.95
815,75,M,New York,2024-04-18 16:34:49.157696,3231.07
816,56,F,Chicago,2024-04-19 16:34:49.157696,1108.73
817,31,F,Chicago,2024-04-20 16:34:49.157696,3666.32
818,48,M,Houston,2024-04-21 16:34:49.157696,2776.89
819,75,M,Los Angeles,2024-04-22 16:34:49.157696,8442.85
820,22,M,Houston,2024-04-23 16:34:49.157696,3202.14
821,52,M,Los Angeles,2024-04-24 16:34:49.157696,7910.43
822,40,F,Chicago,2024-04-25 16:34:49.157696,8929.53
823,46,F,Chicago,2024-04-26 16:34:49.157696,4394.79
824,60,M,Houston,2024-04-27 16:34:49.157696,9108.44
825,28,F,Phoenix,2024-04-28 16:34:49.157696,3835.45
826,35,F,Houston,2024-04-29 16:34:49.157696,9644.38
827,64,F,Los Angeles,2024-04-30 16:34:49.157696,983.97
828,29,F,Houston,2024-05-01 16:34:49.157696,6901.49
829,26,M,New York,2024-05-02 16:34:49.157696,4988.76
830,27,M,Los Angeles,2024-05-03 16:34:49.157696,3937.72
831,75,F,Los Angeles,2024-05-04 16:34:49.157696,6363.85
832,61,M,Phoenix,2024-05-05 16:34:49.157696,7068.19
833,34,M,Chicago,2024-05-06 16:34:49.157696,143.2
834,78,M,Los Angeles,2024-05-07 16:34:49.157696,1752.84
835,55,F,Chicago,2024-05-08 16:34:49.157696,7159.16
836,24,F,Houston,2024-05-09 16:34:49.157696,6697.22
837,63,F,New York,2024-05-10 16:34:49.157696,9663.87
838,30,M,Phoenix,2024-05-11 16:34:49.157696,7634.27
839,57,F,Chicago,2024-05-12 16:34:49.157696,9512.65
840,59,F,Los Angeles,2024-05-13 16:34:49.157696,7055.15
841,26,M,Chicago,2024-05-14 16:34:49.157696,3050.72
842,67,F,Los Angeles,2024-05-15 16:34:49.157696,1143.11
843,44,F,Chicago,2024-05-16 16:34:49.157696,7840.06
844,75,M,Los Angeles,2024-05-17 16:34:49.157696,6477.08
845,19,M,Houston,2024-05-18 16:34:49.157696,577.04
846,22,M,Los Angeles,2024-05-19 16:34:49.157696,3664.5
847,46,F,Los Angeles,2024-05-20 16:34:49.157696,9572.32
848,54,F,New York,2024-05-21 16:34:49.157696,5053.97
849,55,F,Los Angeles,2024-05-22 16:34:49.157696,4384.02
850,36,M,New York,2024-05-23 16:34:49.157696,4631.23
851,25,M,Phoenix,2024-05-24 16:34:49.157696,2167.94
852,65,F,New York,2024-05-25 16:34:49.157696,3750.2
853,62,F,Houston,2024-05-26 16:34:49.157696,3761.15
854,18,M,New York,2024-05-27 16:34:49.157696,618.31
855,39,M,Phoenix,2024-05-28 16:34:49.157696,7698.92
856,69,M,Houston,2024-05-29 16:34:49.157696,4223.39
857,34,M,Chicago,2024-05-30 16:34:49.157696,8239.58
858,24,F,Chicago,2024-05-31 16:34:49.157696,8518.45
859,42,M,New York,2024-06-01 16:34:49.157696,2198.74
860,62,F,New York,2024-06-02 16:34:49.157696,6607.8
861,21,F,Phoenix,2024-06-03 16:34:49.157696,4775.59
862,53,F,Phoenix,2024-06-04 16:34:49.157696,8813.55
863,23,M,Los Angeles,2024-06-05 16:34:49.157696,2235.83
864,77,M,Phoenix,2024-06-06 16:34:49.157696,6810.35
865,48,M,Los Angeles,2024-06-07 16:34:49.157696,6116.75
866,36,M,Houston,2024-06-08 16:34:49.157696,3023.48
867,78,F,New York,2024-06-09 16:34:49.157696,1452.35
868,61,M,Houston,2024-06-10 16:34:49.157696,6551.23
869,71,M,Phoenix,2024-06-11 16:34:49.157696,7412.11
870,56,F,Houston,2024-06-12 16:34:49.157696,3224.71
871,44,M,Houston,2024-06-13 16:34:49.157696,6483.84
872,27,F,Houston,2024-06-14 16:34:49.157696,4011.8
873,43,F,Phoenix,2024-06-15 16:34:49.157696,7160.75
874,36,F,Houston,2024-06-16 16:34:49.157696,2072.23
875,56,F,Los Angeles,2024-06-17 16:34:49.157696,8913.13
876,79,F,Phoenix,2024-06-18 16:34:49.157696,2945.36
877,20,F,Houston,2024-06-19 16:34:49.157696,3741.08
878,62,F,Phoenix,2024-06-20 16:34:49.157696,675.11
879,30,F,Chicago,2024-06-21 16:34:49.157696,1203.97
880,67,M,Los Angeles,2024-06-22 16:34:49.157696,5207.03
881,45,M,Houston,2024-06-23 16:34:49.157696,2749.17
882,79,M,Chicago,2024-06-24 16:34:49.157696,8371.25
883,75,M,Chicago,2024-06-25 16:34:49.157696,245.46
884,37,F,Phoenix,2024-06-26 16:34:49.157696,3853.03
885,45,M,Chicago,2024-06-27 16:34:49.157696,3439.72
886,25,F,Los Angeles,2024-06-28 16:34:49.157696,291.34
887,78,M,Los Angeles,2024-06-29 16:34:49.157696,1331.25
888,58,M,New York,2024-06-30 16:34:49.157696,4195.06
889,56,M,Los Angeles,2024-07-01 16:34:49.157696,4979.36
890,18,F,Chicago,2024-07-02 16:34:49.157696,4102.47
891,20,M,Los Angeles,2024-07-03 16:34:49.157696,5356.28
892,30,F,Phoenix,2024-07-04 16:34:49.157696,5991.8
893,45,F,New York,2024-07-05 16:34:49.157696,198.25
894,79,M,Chicago,2024-07-06 16:34:49.157696,4694.54
895,74,M,New York,2024-07-07 16:34:49.157696,9638.64
896,77,M,Chicago,2024-07-08 16:34:49.157696,5238.42
897,66,F,Phoenix,2024-07-09 16:34:49.157696,6807.67
898,42,M,New York,2024-07-10 16:34:49.157696,3187.45
899,73,F,Houston,2024-07-11 16:34:49.157696,7762.51
900,50,F,Chicago,2024-07-12 16:34:49.157696,7751.92
901,55,M,Houston,2024-07-13 16:34:49.157696,5260.83
902,70,M,New York,2024-07-14 16:34:49.157696,9762.54
903,23,F,Houston,2024-07-15 16:34:49.157696,1342.95
904,75,F,Houston,2024-07-16 16:34:49.157696,267.78
905,61,F,New York,2024-07-17 16:34:49.157696,7724.57
906,62,M,Phoenix,2024-07-18 16:34:49.157696,8090.84
907,49,F,Houston,2024-07-19 16:34:49.157696,1290.05
908,62,M,Houston,2024-07-20 16:34:49.157696,2729.27
909,78,F,Phoenix,2024-07-21 16:34:49.157696,273.77
910,64,F,Houston,2024-07-22 16:34:49.157696,3003.76
911,38,M,Houston,2024-07-23 16:34:49.157696,7754.1
912,33,F,Houston,2024-07-24 16:34:49.157696,5227.81
913,71,M,Los Angeles,2024-07-25 16:34:49.157696,3546.15
914,38,M,Phoenix,2024-07-26 16:34:49.157696,3780.22
915,28,F,Houston,2024-07-27 16:34:49.157696,113.4
916,77,M,Phoenix,2024-07-28 16:34:49.157696,3068.03
917,54,M,Chicago,2024-07-29 16:34:49.157696,6499.94
918,53,F,Chicago,2024-07-30 16:34:49.157696,9744.52
919,52,M,Houston,2024-07-31 16:34:49.157696,8485.9
920,36,M,Phoenix,2024-08-01 16:34:49.157696,333.59
921,37,M,Phoenix,2024-08-02 16:34:49.157696,8995.75
922,74,F,Phoenix,2024-08-03 16:34:49.157696,7853.66
923,35,M,Los Angeles,2024-08-04 16:34:49.157696,7825.72
924,64,F,Chicago,2024-08-05 16:34:49.157696,4634.16
925,58,F,Phoenix,2024-08-06 16:34:49.157696,4040.25
926,66,M,Phoenix,2024-08-07 16:34:49.157696,3098.87
927,31,M,Los Angeles,2024-08-08 16:34:49.157696,750.38
928,32,M,Los Angeles,2024-08-09 16:34:49.157696,2359.53
929,48,F,Phoenix,2024-08-10 16:34:49.157696,2541.38
930,18,M,New York,2024-08-11 16:34:49.157696,4892.36
931,70,M,Phoenix,2024-08-12 16:34:49.157696,7499.7
932,71,M,Phoenix,2024-08-13 16:34:49.157696,4790.72
933,71,M,Los Angeles,2024-08-14 16:34:49.157696,672.66
934,20,M,Los Angeles,2024-08-15 16:34:49.157696,9582.12
935,33,F,Phoenix,2024-08-16 16:34:49.157696,9432.97
936,40,F,Phoenix,2024-08-17 16:34:49.157696,7873.38
937,74,M,Phoenix,2024-08-18 16:34:49.157696,9914.15
938,28,M,Los Angeles,2024-08-19 16:34:49.157696,5490.38
939,29,M,Phoenix,2024-08-20 16:34:49.157696,9631.41
940,27,M,Phoenix,2024-08-21 16:34:49.157696,848.49
941,49,F,Houston,2024-08-22 16:34:49.157696,3720.24
942,33,M,New York,2024-08-23 16:34:49.157696,2331.27
943,25,F,Chicago,2024-08-24 16:34:49.157696,2038.75
944,55,F,New York,2024-08-25 16:34:49.157696,1493.95
945,29,M,Houston,2024-08-26 16:34:49.157696,6261.9
946,41,F,Chicago,2024-08-27 16:34:49.157696,7835.09
947,45,F,Phoenix,2024-08-28 16:34:49.157696,5825.15
948,70,F,Houston,2024-08-29 16:34:49.157696,1554.93
949,25,F,Phoenix,2024-08-30 16:34:49.157696,8130.13
950,75,M,Los Angeles,2024-08-31 16:34:49.157696,6395.95
951,45,M,Houston,2024-09-01 16:34:49.157696,3942.84
952,53,F,Los Angeles,2024-09-02 16:34:49.157696,6773.89
953,43,M,Houston,2024-09-03 16:34:49.157696,2673.06
954,25,M,Houston,2024-09-04 16:34:49.157696,3517.4
955,75,M,Los Angeles,2024-09-05 16:34:49.157696,9183.11
956,77,M,Chicago,2024-09-06 16:34:49.157696,2975.99
957,67,M,New York,2024-09-07 16:34:49.157696,4752.88
958,45,F,Phoenix,2024-09-08 16:34:49.157696,8912.4
959,45,M,Houston,2024-09-09 16:34:49.157696,7106.44
960,54,M,Phoenix,2024-09-10 16:34:49.157696,715.81
961,58,M,Los Angeles,2024-09-11 16:34:49.157696,1558.3
962,53,M,Phoenix,2024-09-12 16:34:49.157696,177.63
963,44,F,Los Angeles,2024-09-13 16:34:49.157696,6346.13
964,71,F,Phoenix,2024-09-14 16:34:49.157696,4531.97
965,34,F,New York,2024-09-15 16:34:49.157696,1429.32
966,26,F,New York,2024-09-16 16:34:49.157696,9583.55
967,50,M,New York,2024-09-17 16:34:49.157696,5343.63
968,70,F,New York,2024-09-18 16:34:49.157696,2494.74
969,37,M,New York,2024-09-19 16:34:49.157696,5055.98
970,30,M,New York,2024-09-20 16:34:49.157696,6828.24
971,45,M,Los Angeles,2024-09-21 16:34:49.157696,854.77
972,65,M,Houston,2024-09-22 16:34:49.157696,2819.57
973,46,M,Phoenix,2024-09-23 16:34:49.157696,8088.96
974,30,F,New York,2024-09-24 16:34:49.157696,4650.68
975,63,F,Los Angeles,2024-09-25 16:34:49.157696,5511.11
976,52,F,Los Angeles,2024-09-26 16:34:49.157696,4384.88
977,78,F,Los Angeles,2024-09-27 16:34:49.157696,534.61
978,23,M,Houston,2024-09-28 16:34:49.157696,1740.92
979,35,F,Phoenix,2024-09-29 16:34:49.157696,4510.86
980,68,M,Houston,2024-09-30 16:34:49.157696,2170.94
981,22,F,Chicago,2024-10-01 16:34:49.157696,594.79
982,64,M,Los Angeles,2024-10-02 16:34:49.157696,8452.13
983,42,M,Chicago,2024-10-03 16:34:49.157696,9813.81
984,19,F,New York,2024-10-04 16:34:49.157696,7952.11
985,27,M,New York,2024-10-05 16:34:49.157696,8552.47
986,73,M,Houston,2024-10-06 16:34:49.157696,2495.57
987,47,F,Phoenix,2024-10-07 16:34:49.157696,9610.21
988,67,M,Chicago,2024-10-08 16:34:49.157696,2049.56
989,76,F,Phoenix,2024-10-09 16:34:49.157696,9519.16
990,62,F,Houston,2024-10-10 16:34:49.157696,9948.71
991,22,F,New York,2024-10-11 16:34:49.157696,7146.06
992,72,M,Phoenix,2024-10-12 16:34:49.157696,9813.32
993,73,M,Phoenix,2024-10-13 16:34:49.157696,5738.44
994,50,M,New York,2024-10-14 16:34:49.157696,2669.46
995,71,F,Chicago,2024-10-15 16:34:49.157696,4426.26
996,18,M,New York,2024-10-16 16:34:49.157696,5976.25
997,35,F,Phoenix,2024-10-17 16:34:49.157696,823.51
998,49,F,Chicago,2024-10-18 16:34:49.157696,6261.2
999,64,M,Chicago,2024-10-19 16:34:49.157696,9813.66
1000,66,F,New York,2024-10-20 16:34:49.157696,1982.07
